jdy,elev
2010.3698630136987,1751.9034014953613
2012.3251366120219,1750.6146014953613
2013.2767123287672,1748.9412014953614
