jdy,elev
2015.3123287671233,2560.276301586914
2018.304109589041,2556.600901586914
