jdy,elev
2002.3780821917808,2918.7146981384276
2007.7123287671234,2919.2230981384278
2011.345205479452,2919.149198138428
